SRPcode,SRNameEng,District/SAZPcode,District/SAZNameEng,TspPcode,TownshipNameEng,TownshipNameMMR
MMR017,Ayeyarwady,MMR017D006,Pyapon,MMR017024,Bogale,???????
MMR017,Ayeyarwady,MMR017D005,Maubin,MMR017022,Danubyu,??????
MMR017,Ayeyarwady,MMR017D006,Pyapon,MMR017026,Dedaye,??????
MMR017,Ayeyarwady,MMR017D003,Myaungmya,MMR017015,Einme,??????
MMR017,Ayeyarwady,MMR017D002,Hinthada,MMR017008,Hinthada,???????
MMR017,Ayeyarwady,MMR017D002,Hinthada,MMR017013,Ingapu,???????
MMR017,Ayeyarwady,MMR017D001,Pathein,MMR017002,Kangyidaunt,?????????????
MMR017,Ayeyarwady,MMR017D006,Pyapon,MMR017025,Kyaiklat,?????????
MMR017,Ayeyarwady,MMR017D002,Hinthada,MMR017012,Kyangin,???????
MMR017,Ayeyarwady,MMR017D001,Pathein,MMR017007,Kyaunggon,????????????
MMR017,Ayeyarwady,MMR017D001,Pathein,MMR017005,Kyonpyaw,?????????
MMR017,Ayeyarwady,MMR017D004,Labutta,MMR017016,Labutta,???????
MMR017,Ayeyarwady,MMR017D002,Hinthada,MMR017010,Lemyethna,??????????
MMR017,Ayeyarwady,MMR017D005,Maubin,MMR017019,Maubin,??????
MMR017,Ayeyarwady,MMR017D004,Labutta,MMR017018,Mawlamyinegyun,?????????????????
MMR017,Ayeyarwady,MMR017D002,Hinthada,MMR017011,Myanaung,?????????
MMR017,Ayeyarwady,MMR017D003,Myaungmya,MMR017014,Myaungmya,?????????
MMR017,Ayeyarwady,MMR017D001,Pathein,MMR017004,Ngapudaw,??????
MMR017,Ayeyarwady,MMR017D005,Maubin,MMR017021,Nyaungdon,??????????
MMR017,Ayeyarwady,MMR017D005,Maubin,MMR017020,Pantanaw,?????????
MMR017,Ayeyarwady,MMR017D001,Pathein,MMR017001,Pathein,??????
MMR017,Ayeyarwady,MMR017D006,Pyapon,MMR017023,Pyapon,??????
MMR017,Ayeyarwady,MMR017D001,Pathein,MMR017003,Thabaung,????????
MMR017,Ayeyarwady,MMR017D003,Myaungmya,MMR017017,Wakema,???????
MMR017,Ayeyarwady,MMR017D001,Pathein,MMR017006,Yegyi,??????
MMR017,Ayeyarwady,MMR017D002,Hinthada,MMR017009,Zalun,?????
MMR007,Bago (East),MMR007D001,Bago,MMR007001,Bago,?????
MMR007,Bago (East),MMR007D001,Bago,MMR007007,Daik-U,???????
MMR007,Bago (East),MMR007D002,Taungoo,MMR007014,Htantabin,????????
MMR007,Bago (East),MMR007D001,Bago,MMR007003,Kawa,??
MMR007,Bago (East),MMR007D002,Taungoo,MMR007011,Kyaukkyi,??????????
MMR007,Bago (East),MMR007D001,Bago,MMR007006,Kyauktaga,???????????
MMR007,Bago (East),MMR007D001,Bago,MMR007005,Nyaunglebin,???????????
MMR007,Bago (East),MMR007D002,Taungoo,MMR007013,Oktwin,?????????
MMR007,Bago (East),MMR007D002,Taungoo,MMR007012,Phyu,????
MMR007,Bago (East),MMR007D001,Bago,MMR007008,Shwegyin,????????
MMR007,Bago (East),MMR007D002,Taungoo,MMR007009,Taungoo,???????
MMR007,Bago (East),MMR007D001,Bago,MMR007002,Thanatpin,???????
MMR007,Bago (East),MMR007D001,Bago,MMR007004,Waw,???
MMR007,Bago (East),MMR007D002,Taungoo,MMR007010,Yedashe,????????
MMR008,Bago (West),MMR008D002,Thayarwady,MMR008014,Gyobingauk,?????????????
MMR008,Bago (West),MMR008D002,Thayarwady,MMR008008,Letpadan,?????????
MMR008,Bago (West),MMR008D002,Thayarwady,MMR008009,Minhla,??????
MMR008,Bago (West),MMR008D002,Thayarwady,MMR008013,Monyo,???????
MMR008,Bago (West),MMR008D002,Thayarwady,MMR008012,Nattalin,????????
MMR008,Bago (West),MMR008D002,Thayarwady,MMR008010,Okpho,???????
MMR008,Bago (West),MMR008D001,Pyay,MMR008003,Padaung,??????????
MMR008,Bago (West),MMR008D001,Pyay,MMR008002,Paukkhaung,???????????
MMR008,Bago (West),MMR008D001,Pyay,MMR008004,Paungde,?????????
MMR008,Bago (West),MMR008D001,Pyay,MMR008001,Pyay,????
MMR008,Bago (West),MMR008D001,Pyay,MMR008006,Shwedaung,?????????
MMR008,Bago (West),MMR008D002,Thayarwady,MMR008007,Thayarwady,???????
MMR008,Bago (West),MMR008D001,Pyay,MMR008005,Thegon,???????
MMR008,Bago (West),MMR008D002,Thayarwady,MMR008011,Zigon,????????
MMR004,Chin,MMR004D001,Falam,MMR004001,Falam,?????
MMR004,Chin,MMR004D003,Hakha,MMR004002,Hakha,??????
MMR004,Chin,MMR004D002,Mindat,MMR004008,Kanpetlet,?????????
MMR004,Chin,MMR004D004,Matupi,MMR004007,Matupi,?????
MMR004,Chin,MMR004D002,Mindat,MMR004006,Mindat,???????
MMR004,Chin,MMR004D004,Matupi,MMR004009,Paletwa,?????
MMR004,Chin,MMR004D001,Falam,MMR004004,Tedim,???????
MMR004,Chin,MMR004D003,Hakha,MMR004003,Thantlang,???????
MMR004,Chin,MMR004D001,Falam,MMR004005,Tonzang,????????
MMR001,Kachin,MMR001D003,Bhamo,MMR001010,Bhamo,????????
MMR001,Kachin,MMR001D001,Myitkyina,MMR001005,Chipwi,???????
MMR001,Kachin,MMR001D002,Mohnyin,MMR001009,Hpakant,???????
MMR001,Kachin,MMR001D001,Myitkyina,MMR001003,Injangyang,???????????
MMR001,Kachin,MMR001D004,Puta-O,MMR001018,Khaunglanhpu,???????????
MMR001,Kachin,MMR001D004,Puta-O,MMR001016,Machanbaw,?????????
MMR001,Kachin,MMR001D003,Bhamo,MMR001013,Mansi,????
MMR001,Kachin,MMR001D002,Mohnyin,MMR001008,Mogaung,??????????
MMR001,Kachin,MMR001D002,Mohnyin,MMR001007,Mohnyin,?????????
MMR001,Kachin,MMR001D003,Bhamo,MMR001012,Momauk,?????????
MMR001,Kachin,MMR001D001,Myitkyina,MMR001001,Myitkyina,???????????
MMR001,Kachin,MMR001D004,Puta-O,MMR001017,Nawngmun,??????????
MMR001,Kachin,MMR001D004,Puta-O,MMR001014,Puta-O,???????
MMR001,Kachin,MMR001D003,Bhamo,MMR001011,Shwegu,??????
MMR001,Kachin,MMR001D004,Puta-O,MMR001015,Sumprabum,???????????
MMR001,Kachin,MMR001D001,Myitkyina,MMR001004,Tanai,???????
MMR001,Kachin,MMR001D001,Myitkyina,MMR001006,Tsawlaw,????????
MMR001,Kachin,MMR001D001,Myitkyina,MMR001002,Waingmaw,??????????
MMR002,Kayah,MMR002D002,Bawlake,MMR002005,Bawlake,??????
MMR002,Kayah,MMR002D001,Loikaw,MMR002002,Demoso,??????????
MMR002,Kayah,MMR002D002,Bawlake,MMR002006,Hpasawng,?????????
MMR002,Kayah,MMR002D001,Loikaw,MMR002003,Hpruso,??????
MMR002,Kayah,MMR002D001,Loikaw,MMR002001,Loikaw,??????????
MMR002,Kayah,MMR002D002,Bawlake,MMR002007,Mese,??????
MMR002,Kayah,MMR002D001,Loikaw,MMR002004,Shadaw,???????
MMR003,Kayin,MMR003D001,Hpa-An,MMR003002,Hlaingbwe,???????????
MMR003,Kayin,MMR003D001,Hpa-An,MMR003001,Hpa-An,?????
MMR003,Kayin,MMR003D004,Hpapun,MMR003003,Hpapun,??????
MMR003,Kayin,MMR003D003,Kawkareik,MMR003006,Kawkareik,?????????
MMR003,Kayin,MMR003D003,Kawkareik,MMR003007,Kyainseikgyi,???????????????
MMR003,Kayin,MMR003D002,Myawaddy,MMR003005,Myawaddy,?????
MMR003,Kayin,MMR003D001,Hpa-An,MMR003004,Thandaunggyi,???????????
MMR009,Magway,MMR009D003,Thayet,MMR009016,Aunglan,???????
MMR009,Magway,MMR009D001,Magway,MMR009003,Chauk,??????
MMR009,Magway,MMR009D005,Gangaw,MMR009023,Gangaw,???????
MMR009,Magway,MMR009D003,Thayet,MMR009015,Kamma,???
MMR009,Magway,MMR009D001,Magway,MMR009001,Magway,?????
MMR009,Magway,MMR009D002,Minbu,MMR009007,Minbu,???????
MMR009,Magway,MMR009D003,Thayet,MMR009014,Mindon,?????????
MMR009,Magway,MMR009D003,Thayet,MMR009013,Minhla,??????
MMR009,Magway,MMR009D004,Pakokku,MMR009020,Myaing,??????
MMR009,Magway,MMR009D001,Magway,MMR009005,Myothit,????????
MMR009,Magway,MMR009D001,Magway,MMR009006,Natmauk,????????
MMR009,Magway,MMR009D002,Minbu,MMR009009,Ngape,???
MMR009,Magway,MMR009D004,Pakokku,MMR009018,Pakokku,???????
MMR009,Magway,MMR009D004,Pakokku,MMR009021,Pauk,?????
MMR009,Magway,MMR009D002,Minbu,MMR009008,Pwintbyu,????????
MMR009,Magway,MMR009D002,Minbu,MMR009010,Salin,?????
MMR009,Magway,MMR009D005,Gangaw,MMR009025,Saw,???
MMR009,Magway,MMR009D004,Pakokku,MMR009022,Seikphyu,???????
MMR009,Magway,MMR009D002,Minbu,MMR009011,Sidoktaya,?????????
MMR009,Magway,MMR009D003,Thayet,MMR009017,Sinbaungwe,??????????
MMR009,Magway,MMR009D001,Magway,MMR009004,Taungdwingyi,??????????????
MMR009,Magway,MMR009D003,Thayet,MMR009012,Thayet,????
MMR009,Magway,MMR009D005,Gangaw,MMR009024,Tilin,???????
MMR009,Magway,MMR009D001,Magway,MMR009002,Yenangyaung,???????????
MMR009,Magway,MMR009D004,Pakokku,MMR009019,Yesagyo,???????
MMR010,Mandalay,MMR010D001,Mandalay,MMR010006,Amarapura,??????
MMR010,Mandalay,MMR010D001,Mandalay,MMR010001,Aungmyaythazan,????????????
MMR010,Mandalay,MMR010D001,Mandalay,MMR010002,Chanayethazan,????????????
MMR010,Mandalay,MMR010D001,Mandalay,MMR010004,Chanmyathazi,????????????
MMR010,Mandalay,MMR010D005,Nyaung-U,MMR010020,Kyaukpadaung,????????????????
MMR010,Mandalay,MMR010D003,Kyaukse,MMR010013,Kyaukse,?????????
MMR010,Mandalay,MMR010D002,Pyinoolwin,MMR010009,Madaya,??????
MMR010,Mandalay,MMR010D001,Mandalay,MMR010003,Mahaaungmyay,???????????
MMR010,Mandalay,MMR010D007,Meiktila,MMR010029,Mahlaing,???????
MMR010,Mandalay,MMR010D007,Meiktila,MMR010028,Meiktila,????????
MMR010,Mandalay,MMR010D002,Pyinoolwin,MMR010011,Mogoke,????????
MMR010,Mandalay,MMR010D004,Myingyan,MMR010017,Myingyan,????????
MMR010,Mandalay,MMR010D003,Kyaukse,MMR010015,Myittha,???????
MMR010,Mandalay,MMR010D004,Myingyan,MMR010019,Natogyi,????????????
MMR010,Mandalay,MMR010D004,Myingyan,MMR010021,Ngazun,?????????
MMR010,Mandalay,MMR010D005,Nyaung-U,MMR010022,Nyaung-U,???????
MMR010,Mandalay,MMR010D001,Mandalay,MMR010007,Patheingyi,??????????
MMR010,Mandalay,MMR010D006,Yamethin,MMR010024,Pyawbwe,?????????
MMR010,Mandalay,MMR010D001,Mandalay,MMR010005,Pyigyitagon,??????????????
MMR010,Mandalay,MMR010D002,Pyinoolwin,MMR010008,Pyinoolwin,??????????
MMR010,Mandalay,MMR010D002,Pyinoolwin,MMR010010,Singu,???????
MMR010,Mandalay,MMR010D003,Kyaukse,MMR010014,Sintgaing,?????????
MMR010,Mandalay,MMR010D003,Kyaukse,MMR010016,Tada-U,???????
MMR010,Mandalay,MMR010D004,Myingyan,MMR010018,Taungtha,???????
MMR010,Mandalay,MMR010D002,Pyinoolwin,MMR010012,Thabeikkyin,??????????
MMR010,Mandalay,MMR010D007,Meiktila,MMR010030,Thazi,?????
MMR010,Mandalay,MMR010D007,Meiktila,MMR010031,Wundwin,?????????
MMR010,Mandalay,MMR010D006,Yamethin,MMR010023,Yamethin,?????????
MMR011,Mon,MMR011D002,Thaton,MMR011010,Bilin,???????
MMR011,Mon,MMR011D001,Mawlamyine,MMR011003,Chaungzon,??????????
MMR011,Mon,MMR011D001,Mawlamyine,MMR011002,Kyaikmaraw,??????????
MMR011,Mon,MMR011D002,Thaton,MMR011009,Kyaikto,?????????
MMR011,Mon,MMR011D001,Mawlamyine,MMR011001,Mawlamyine,???????????
MMR011,Mon,MMR011D001,Mawlamyine,MMR011005,Mudon,?????
MMR011,Mon,MMR011D002,Thaton,MMR011008,Paung,?????
MMR011,Mon,MMR011D001,Mawlamyine,MMR011004,Thanbyuzayat,?????????
MMR011,Mon,MMR011D002,Thaton,MMR011007,Thaton,????
MMR011,Mon,MMR011D001,Mawlamyine,MMR011006,Ye,???
MMR018,Nay Pyi Taw,MMR018D002,Det Khi Na,MMR018004,Det Khi Na Thi Ri,??????????
MMR018,Nay Pyi Taw,MMR018D002,Det Khi Na,MMR018007,Lewe,??????
MMR018,Nay Pyi Taw,MMR018D001,Oke Ta Ra,MMR018008,Oke Ta Ra Thi Ri,?????????
MMR018,Nay Pyi Taw,MMR018D001,Oke Ta Ra,MMR018005,Poke Ba Thi Ri,?????????
MMR018,Nay Pyi Taw,MMR018D002,Det Khi Na,MMR018006,Pyinmana,?????????
MMR018,Nay Pyi Taw,MMR018D001,Oke Ta Ra,MMR018003,Tatkon,????????
MMR018,Nay Pyi Taw,MMR018D002,Det Khi Na,MMR018002,Za Bu Thi Ri,?????????
MMR018,Nay Pyi Taw,MMR018D001,Oke Ta Ra,MMR018001,Zay Yar Thi Ri,?????????
MMR012,Rakhine,MMR012D003,Kyaukpyu,MMR012014,Ann,????
MMR012,Rakhine,MMR012D002,Maungdaw,MMR012010,Buthidaung,???????????
MMR012,Rakhine,MMR012D004,Thandwe,MMR012017,Gwa,??
MMR012,Rakhine,MMR012D003,Kyaukpyu,MMR012011,Kyaukpyu,?????????
MMR012,Rakhine,MMR012D005,Mrauk-U,MMR012004,Kyauktaw,??????????
MMR012,Rakhine,MMR012D002,Maungdaw,MMR012009,Maungdaw,????????
MMR012,Rakhine,MMR012D005,Mrauk-U,MMR012005,Minbya,????????
MMR012,Rakhine,MMR012D005,Mrauk-U,MMR012003,Mrauk-U,????????
MMR012,Rakhine,MMR012D003,Kyaukpyu,MMR012012,Munaung,?????????
MMR012,Rakhine,MMR012D005,Mrauk-U,MMR012006,Myebon,??????
MMR012,Rakhine,MMR012D001,Sittwe,MMR012007,Pauktaw,????????
MMR012,Rakhine,MMR012D001,Sittwe,MMR012002,Ponnagyun,?????????????
MMR012,Rakhine,MMR012D003,Kyaukpyu,MMR012013,Ramree,???????
MMR012,Rakhine,MMR012D001,Sittwe,MMR012008,Rathedaung,?????????
MMR012,Rakhine,MMR012D001,Sittwe,MMR012001,Sittwe,??????
MMR012,Rakhine,MMR012D004,Thandwe,MMR012015,Thandwe,?????
MMR012,Rakhine,MMR012D004,Thandwe,MMR012016,Toungup,?????????
MMR005,Sagaing,MMR005D003,Monywa,MMR005014,Ayadaw,???????
MMR005,Sagaing,MMR005D004,Katha,MMR005023,Banmauk,?????????
MMR005,Sagaing,MMR005D003,Monywa,MMR005013,Budalin,??????
MMR005,Sagaing,MMR005D003,Monywa,MMR005015,Chaung-U,?????????
MMR005,Sagaing,MMR005D008,Hkamti,MMR005033,Hkamti,??????
MMR005,Sagaing,MMR005D008,Hkamti,MMR005034,Homalin,?????????
MMR005,Sagaing,MMR005D004,Katha,MMR005021,Indaw,????????
MMR005,Sagaing,MMR005D005,Kale,MMR005027,Kale,????
MMR005,Sagaing,MMR005D005,Kale,MMR005028,Kalewa,?????
MMR005,Sagaing,MMR005D010,Kanbalu,MMR005007,Kanbalu,???????
MMR005,Sagaing,MMR005D009,Yinmarbin,MMR005017,Kani,???
MMR005,Sagaing,MMR005D004,Katha,MMR005020,Katha,???
MMR005,Sagaing,MMR005D011,Kawlin,MMR005024,Kawlin,???????
MMR005,Sagaing,MMR005D002,Shwebo,MMR005005,Khin-U,?????
MMR005,Sagaing,MMR005D010,Kanbalu,MMR005008,Kyunhla,????????
MMR005,Sagaing,MMR005S001,Naga Self-Administered Zone,MMR005036,Lahe,????
MMR005,Sagaing,MMR005S001,Naga Self-Administered Zone,MMR005035,Layshi,??????
MMR005,Sagaing,MMR005D007,Mawlaik,MMR005031,Mawlaik,?????????
MMR005,Sagaing,MMR005D005,Kale,MMR005029,Mingin,????????
MMR005,Sagaing,MMR005D003,Monywa,MMR005012,Monywa,??????
MMR005,Sagaing,MMR005D001,Sagaing,MMR005003,Myaung,??????
MMR005,Sagaing,MMR005D001,Sagaing,MMR005002,Myinmu,???????
MMR005,Sagaing,MMR005S001,Naga Self-Administered Zone,MMR005037,Nanyun,?????????
MMR005,Sagaing,MMR005D009,Yinmarbin,MMR005019,Pale,????
MMR005,Sagaing,MMR005D007,Mawlaik,MMR005032,Paungbyin,??????????
MMR005,Sagaing,MMR005D011,Kawlin,MMR005026,Pinlebu,?????????
MMR005,Sagaing,MMR005D001,Sagaing,MMR005001,Sagaing,?????????
MMR005,Sagaing,MMR005D009,Yinmarbin,MMR005018,Salingyi,???????????
MMR005,Sagaing,MMR005D002,Shwebo,MMR005004,Shwebo,???????
MMR005,Sagaing,MMR005D002,Shwebo,MMR005010,Tabayin,????????
MMR005,Sagaing,MMR005D006,Tamu,MMR005030,Tamu,????
MMR005,Sagaing,MMR005D002,Shwebo,MMR005011,Taze,???????
MMR005,Sagaing,MMR005D004,Katha,MMR005022,Tigyaing,??????????
MMR005,Sagaing,MMR005D002,Shwebo,MMR005006,Wetlet,??????
MMR005,Sagaing,MMR005D011,Kawlin,MMR005025,Wuntho,???????
MMR005,Sagaing,MMR005D002,Shwebo,MMR005009,Ye-U,????
MMR005,Sagaing,MMR005D009,Yinmarbin,MMR005016,Yinmarbin,?????????
MMR016,Shan (East),MMR016D333,Mong Pawk (Wa SAD),MMR016320,Ho Tawng (Ho Tao),?????????
MMR016,Shan (East),MMR016D001,Kengtung,MMR016001,Kengtung,??????????
MMR016,Shan (East),MMR016D333,Mong Pawk (Wa SAD),MMR016319,Mong Hpen,??????????
MMR016,Shan (East),MMR016D333,Mong Pawk (Wa SAD),MMR016322,Mong Kar,????????
MMR016,Shan (East),MMR016D333,Mong Pawk (Wa SAD),MMR016321,Mong Pawk,???????????
MMR016,Shan (East),MMR016D003,Tachileik,MMR016010,Monghpyak,??????????
MMR016,Shan (East),MMR016D002,Monghsat,MMR016006,Monghsat,?????????
MMR016,Shan (East),MMR016D001,Kengtung,MMR016002,Mongkhet,?????????
MMR016,Shan (East),MMR016D001,Kengtung,MMR016005,Mongla,?????????
MMR016,Shan (East),MMR016D001,Kengtung,MMR016007,Mongping,???????????
MMR016,Shan (East),MMR016D002,Monghsat,MMR016008,Mongton,?????????
MMR016,Shan (East),MMR016D001,Kengtung,MMR016003,Mongyang,??????????
MMR016,Shan (East),MMR016D003,Tachileik,MMR016011,Mongyawng,????????????
MMR016,Shan (East),MMR016D333,Mong Pawk (Wa SAD),MMR016323,Nam Hpai,?????????
MMR016,Shan (East),MMR016D003,Tachileik,MMR016009,Tachileik,?????????
MMR015,Shan (North),MMR015D331,Mong Maw (Wa SAD),MMR015311,Aik Chan (Ai' Chun),?????????
MMR015,Shan (North),MMR015D221,Laukkaing (Kokang SAZ),MMR015203,Chinshwehaw Sub-township (Kokang SAZ),???????????????????????? (??????? ?)
MMR015,Shan (North),MMR015D331,Mong Maw (Wa SAD),MMR015306,Hkun Mar (Hkwin Ma),????????
MMR015,Shan (North),MMR015D006,Hopang,MMR015021,Hopang,??????
MMR015,Shan (North),MMR015D331,Mong Maw (Wa SAD),MMR015305,Hsawng Hpa (Saun Pha),??????
MMR015,Shan (North),MMR015D001,Lashio,MMR015002,Hseni,??????
MMR015,Shan (North),MMR015D003,Kyaukme,MMR015014,Hsipaw,?????
MMR015,Shan (North),MMR015D331,Mong Maw (Wa SAD),MMR015310,Ka Lawng Hpar,????????
MMR015,Shan (North),MMR015D331,Mong Maw (Wa SAD),MMR015304,Kawng Min Hsang,????????????
MMR015,Shan (North),MMR015S002,Kokang Self-Administered Zone,MMR015023,Konkyan,??????????
MMR015,Shan (North),MMR015D221,Laukkaing (Kokang SAZ),MMR015201,Konkyan (Kokang SAZ),?????????? (??????? ?)
MMR015,Shan (North),MMR015D001,Lashio,MMR015020,Kunlong,????????
MMR015,Shan (North),MMR015D002,Muse,MMR015011,Kutkai,?????????
MMR015,Shan (North),MMR015D003,Kyaukme,MMR015012,Kyaukme,????????
MMR015,Shan (North),MMR015D001,Lashio,MMR015001,Lashio,????????
MMR015,Shan (North),MMR015S002,Kokang Self-Administered Zone,MMR015022,Laukkaing,??????????
MMR015,Shan (North),MMR015D221,Laukkaing (Kokang SAZ),MMR015202,Laukkaing (Kokang SAZ),?????????? (??????? ?)
MMR015,Shan (North),MMR015D331,Mong Maw (Wa SAD),MMR015309,Lin Haw,???????
MMR015,Shan (North),MMR015D331,Mong Maw (Wa SAD),MMR015307,Long Htan,??????
MMR015,Shan (North),MMR015D008,Mongmit,MMR015018,Mabein,??????
MMR015,Shan (North),MMR015D332,Wein Kawng (Wein Kao) (Wa SAD),MMR015313,Man Man Hseng,???????????
MMR015,Shan (North),MMR015D331,Mong Maw (Wa SAD),MMR015303,Man Tun,????????
MMR015,Shan (North),MMR015S001,Pa Laung Self-Administered Zone,MMR015019,Manton,??????
MMR015,Shan (North),MMR015D007,Matman,MMR015024,Matman,???????
MMR015,Shan (North),MMR015D006,Hopang,MMR015008,Mongmao,?????????
MMR015,Shan (North),MMR015D008,Mongmit,MMR015017,Mongmit,????????
MMR015,Shan (North),MMR015D001,Lashio,MMR015003,Mongyai,?????????
MMR015,Shan (North),MMR015D002,Muse,MMR015009,Muse,?????
MMR015,Shan (North),MMR015D332,Wein Kawng (Wein Kao) (Wa SAD),MMR015315,Nam Hkam Wu,??????????
MMR015,Shan (North),MMR015D331,Mong Maw (Wa SAD),MMR015301,Nam Tit,???? ???
MMR015,Shan (North),MMR015D002,Muse,MMR015010,Namhkan,????????
MMR015,Shan (North),MMR015S001,Pa Laung Self-Administered Zone,MMR015016,Namhsan,???????
MMR015,Shan (North),MMR015D003,Kyaukme,MMR015015,Namtu,??????
MMR015,Shan (North),MMR015D332,Wein Kawng (Wein Kao) (Wa SAD),MMR015316,Nar Kawng,????????
MMR015,Shan (North),MMR015D331,Mong Maw (Wa SAD),MMR015302,Nar Wee (Na Wi),?????
MMR015,Shan (North),MMR015D007,Matman,MMR015006,Narphan,???????
MMR015,Shan (North),MMR015D332,Wein Kawng (Wein Kao) (Wa SAD),MMR015314,Nawng Hkit,????????
MMR015,Shan (North),MMR015D003,Kyaukme,MMR015013,Nawnghkio,?????????
MMR015,Shan (North),MMR015D332,Wein Kawng (Wein Kao) (Wa SAD),MMR015317,Pang Hkam,???????
MMR015,Shan (North),MMR015D332,Wein Kawng (Wein Kao) (Wa SAD),MMR015318,Pang Yang,???????
MMR015,Shan (North),MMR015D007,Matman,MMR015005,Pangsang (Panghkam),??????? (???????)
MMR015,Shan (North),MMR015D006,Hopang,MMR015007,Pangwaun,????????
MMR015,Shan (North),MMR015D001,Lashio,MMR015004,Tangyan,????????
MMR015,Shan (North),MMR015D331,Mong Maw (Wa SAD),MMR015308,Yawng Lin,?????????
MMR015,Shan (North),MMR015D331,Mong Maw (Wa SAD),MMR015312,Yin Pang,???????
MMR014,Shan (South),MMR014S002,Pa-O Self-Administered Zone,MMR014003,Hopong,???????
MMR014,Shan (South),MMR014S002,Pa-O Self-Administered Zone,MMR014004,Hsihseng,???????
MMR014,Shan (South),MMR014D001,Taunggyi,MMR014005,Kalaw,????
MMR014,Shan (South),MMR014D002,Loilen,MMR014014,Kunhing,?????????
MMR014,Shan (South),MMR014D002,Loilen,MMR014015,Kyethi,???????
MMR014,Shan (South),MMR014D002,Loilen,MMR014012,Laihka,??????
MMR014,Shan (South),MMR014D003,Langkho,MMR014018,Langkho,???????
MMR014,Shan (South),MMR014D001,Taunggyi,MMR014008,Lawksawk,????????
MMR014,Shan (South),MMR014D002,Loilen,MMR014011,Loilen,?????????
MMR014,Shan (South),MMR014D003,Langkho,MMR014020,Mawkmai,????????
MMR014,Shan (South),MMR014D002,Loilen,MMR014017,Monghsu,??????????
MMR014,Shan (South),MMR014D002,Loilen,MMR014016,Mongkaing,???????????
MMR014,Shan (South),MMR014D003,Langkho,MMR014019,Mongnai,??????
MMR014,Shan (South),MMR014D003,Langkho,MMR014021,Mongpan,?????????
MMR014,Shan (South),MMR014D002,Loilen,MMR014013,Nansang,???????
MMR014,Shan (South),MMR014D001,Taunggyi,MMR014002,Nyaungshwe,?????????
MMR014,Shan (South),MMR014D001,Taunggyi,MMR014010,Pekon,??????
MMR014,Shan (South),MMR014S001,Danu Self-Administered Zone,MMR014006,Pindaya,??????
MMR014,Shan (South),MMR014S002,Pa-O Self-Administered Zone,MMR014009,Pinlaung,?????????
MMR014,Shan (South),MMR014D001,Taunggyi,MMR014001,Taunggyi,?????????
MMR014,Shan (South),MMR014S001,Danu Self-Administered Zone,MMR014007,Ywangan,?????
MMR006,Tanintharyi,MMR006D003,Kawthoung,MMR006010,Bokpyin,?????????
MMR006,Tanintharyi,MMR006D001,Dawei,MMR006001,Dawei,??????
MMR006,Tanintharyi,MMR006D003,Kawthoung,MMR006009,Kawthoung,??????????
MMR006,Tanintharyi,MMR006D002,Myeik,MMR006006,Kyunsu,????????
MMR006,Tanintharyi,MMR006D001,Dawei,MMR006002,Launglon,??????????
MMR006,Tanintharyi,MMR006D002,Myeik,MMR006005,Myeik,?????
MMR006,Tanintharyi,MMR006D002,Myeik,MMR006007,Palaw,?????
MMR006,Tanintharyi,MMR006D002,Myeik,MMR006008,Tanintharyi,?????????
MMR006,Tanintharyi,MMR006D001,Dawei,MMR006003,Thayetchaung,???????????
MMR006,Tanintharyi,MMR006D001,Dawei,MMR006004,Yebyu,?????
MMR013,Yangon,MMR013D004,Yangon (West),MMR013037,Ahlone,????
MMR013,Yangon,MMR013D004,Yangon (West),MMR013044,Bahan,?????
MMR013,Yangon,MMR013D002,Yangon (East),MMR013017,Botahtaung,???????????
MMR013,Yangon,MMR013D003,Yangon (South),MMR013032,Cocokyun,?????????????
MMR013,Yangon,MMR013D004,Yangon (West),MMR013043,Dagon,????
MMR013,Yangon,MMR013D002,Yangon (East),MMR013020,Dagon Myothit (East),???????????? (???????????)
MMR013,Yangon,MMR013D002,Yangon (East),MMR013019,Dagon Myothit (North),???????????? (????????????)
MMR013,Yangon,MMR013D002,Yangon (East),MMR013021,Dagon Myothit (Seikkan),???????????? (????????)
MMR013,Yangon,MMR013D002,Yangon (East),MMR013018,Dagon Myothit (South),???????????? (???????????)
MMR013,Yangon,MMR013D003,Yangon (South),MMR013030,Dala,??
MMR013,Yangon,MMR013D002,Yangon (East),MMR013014,Dawbon,??????
MMR013,Yangon,MMR013D004,Yangon (West),MMR013040,Hlaing,??????
MMR013,Yangon,MMR013D001,Yangon (North),MMR013008,Hlaingtharya,??????????
MMR013,Yangon,MMR013D001,Yangon (North),MMR013004,Hlegu,????????
MMR013,Yangon,MMR013D001,Yangon (North),MMR013003,Hmawbi,???????
MMR013,Yangon,MMR013D001,Yangon (North),MMR013006,Htantabin,????????
MMR013,Yangon,MMR013D001,Yangon (North),MMR013001,Insein,????????
MMR013,Yangon,MMR013D004,Yangon (West),MMR013041,Kamaryut,???????
MMR013,Yangon,MMR013D003,Yangon (South),MMR013028,Kawhmu,????????
MMR013,Yangon,MMR013D003,Yangon (South),MMR013026,Kayan,?????
MMR013,Yangon,MMR013D003,Yangon (South),MMR013029,Kungyangon,?????????????
MMR013,Yangon,MMR013D004,Yangon (West),MMR013033,Kyauktada,???????????
MMR013,Yangon,MMR013D003,Yangon (South),MMR013024,Kyauktan,??????????
MMR013,Yangon,MMR013D004,Yangon (West),MMR013038,Kyeemyindaing,??????????????
MMR013,Yangon,MMR013D004,Yangon (West),MMR013035,Lanmadaw,?????????
MMR013,Yangon,MMR013D004,Yangon (West),MMR013036,Latha,???
MMR013,Yangon,MMR013D004,Yangon (West),MMR013042,Mayangone,??????????
MMR013,Yangon,MMR013D001,Yangon (North),MMR013002,Mingaladon,??????????
MMR013,Yangon,MMR013D002,Yangon (East),MMR013022,Mingalartaungnyunt,?????????????????
MMR013,Yangon,MMR013D002,Yangon (East),MMR013012,North Okkalapa,?????????????
MMR013,Yangon,MMR013D004,Yangon (West),MMR013034,Pabedan,??????????
MMR013,Yangon,MMR013D002,Yangon (East),MMR013016,Pazundaung,???????????
MMR013,Yangon,MMR013D004,Yangon (West),MMR013039,Sanchaung,???????????
MMR013,Yangon,MMR013D003,Yangon (South),MMR013031,Seikgyikanaungto,????????/?????????
MMR013,Yangon,MMR013D004,Yangon (West),MMR013045,Seikkan,????????
MMR013,Yangon,MMR013D001,Yangon (North),MMR013007,Shwepyithar,??????????
MMR013,Yangon,MMR013D002,Yangon (East),MMR013011,South Okkalapa,????????????
MMR013,Yangon,MMR013D001,Yangon (North),MMR013005,Taikkyi,?????????
MMR013,Yangon,MMR013D002,Yangon (East),MMR013015,Tamwe,?????
MMR013,Yangon,MMR013D002,Yangon (East),MMR013013,Thaketa,?????
MMR013,Yangon,MMR013D003,Yangon (South),MMR013023,Thanlyin,???????
MMR013,Yangon,MMR013D002,Yangon (East),MMR013009,Thingangyun,??????????????
MMR013,Yangon,MMR013D003,Yangon (South),MMR013025,Thongwa,??????
MMR013,Yangon,MMR013D003,Yangon (South),MMR013027,Twantay,??????
MMR013,Yangon,MMR013D002,Yangon (East),MMR013010,Yankin,???????
MMR013,Yangon,MMR013D001,Yangon (North),MMR013046,Hlaingtharya (East),?????????? (???????????)
MMR013,Yangon,MMR013D001,Yangon (North),MMR013047,Hlaingtharya (West),?????????? (????????????)
